country,iso3,region,happiness,hle,loggdp,social,freedom,generosity,corruption,expected_happiness,gap,performer
Afghanistan,AFG,South Asia,1.859,54.712,7.324,0.341,0.382,-0.081,0.847,4.022,-2.163,Under-performer
Albania,ALB,Central and Eastern Europe,5.277,69.15,9.567,0.718,0.794,-0.007,0.878,6.1653,-0.8883,Under-performer
Algeria,DZA,Middle East and North Africa,5.329,66.549,9.3,0.855,0.571,-0.117,0.717,5.7792,-0.4502,Under-performer
Argentina,ARG,Latin America and Caribbean,6.024,67.2,9.959,0.891,0.823,-0.089,0.814,5.8758,0.1482,Over-performer
Armenia,ARM,Commonwealth of Independent States,5.342,67.789,9.615,0.79,0.796,-0.155,0.705,5.9633,-0.6213,Under-performer
Australia,AUS,North America and ANZ,7.095,71.05,10.821,0.934,0.89,0.198,0.496,6.4473,0.6477,Over-performer
Austria,AUT,Western Europe,7.097,71.15,10.899,0.888,0.855,0.102,0.497,6.4622,0.6348,Over-performer
Bahrain,BHR,Middle East and North Africa,6.173,65.825,10.776,0.844,0.944,0.117,0.737,5.6717,0.5013,Over-performer
Bangladesh,BGD,South Asia,4.282,64.548,8.685,0.544,0.845,0.005,0.698,5.4821,-1.2001,Under-performer
Belgium,BEL,Western Europe,6.859,70.899,10.844,0.915,0.825,0.001,0.549,6.4249,0.4341,Over-performer
Benin,BEN,Sub-Saharan Africa,4.374,56.095,8.103,0.437,0.743,-0.043,0.576,4.2273,0.1467,Over-performer
Bolivia,BOL,Latin America and Caribbean,5.684,63.599,8.985,0.811,0.868,-0.063,0.846,5.3413,0.3427,Over-performer
Bosnia and Herzegovina,BIH,Central and Eastern Europe,5.633,67.275,9.616,0.88,0.746,0.206,0.918,5.887,-0.254,Under-performer
Botswana,BWA,Sub-Saharan Africa,3.435,54.725,9.629,0.753,0.742,-0.215,0.83,4.024,-0.589,Under-performer
Brazil,BRA,Latin America and Caribbean,6.125,65.749,9.582,0.836,0.801,-0.009,0.738,5.6604,0.4646,Over-performer
Bulgaria,BGR,Central and Eastern Europe,5.466,66.5,10.087,0.918,0.801,-0.057,0.911,5.7719,-0.3059,Under-performer
Burkina Faso,BFA,Sub-Saharan Africa,4.638,55.461,7.667,0.663,0.696,0.095,0.771,4.1332,0.5048,Over-performer
Cambodia,KHM,Southeast Asia,4.393,61.9,8.385,0.747,0.958,0.073,0.857,5.0891,-0.6961,Under-performer
Cameroon,CMR,Sub-Saharan Africa,4.973,55.847,8.217,0.686,0.686,0.015,0.846,4.1905,0.7825,Over-performer
Canada,CAN,North America and ANZ,6.961,71.4,10.773,0.929,0.874,0.153,0.42,6.4993,0.4617,Over-performer
Chad,TCD,Sub-Saharan Africa,4.397,53.125,7.261,0.722,0.677,0.221,0.807,3.7865,0.6105,Over-performer
Chile,CHL,Latin America and Caribbean,6.334,70.3,10.114,0.889,0.792,-0.011,0.823,6.336,-0.002,Under-performer
China,CHN,East Asia,5.818,68.689,9.738,0.836,0.882,-0.041,0.727,6.0969,-0.2789,Under-performer
Colombia,COL,Latin America and Caribbean,5.63,69.35,9.584,0.822,0.804,-0.104,0.834,6.195,-0.565,Under-performer
Comoros,COM,Sub-Saharan Africa,3.545,59.425,8.075,0.471,0.47,-0.014,0.727,4.7217,-1.1767,Under-performer
Congo (Brazzaville),COG,Sub-Saharan Africa,5.267,56.85,8.095,0.605,0.73,-0.004,0.739,4.3394,0.9276,Over-performer
Congo (Kinshasa),COD,Sub-Saharan Africa,3.207,55.375,7.007,0.652,0.664,0.086,0.834,4.1205,-0.9135,Under-performer
Costa Rica,CRI,Latin America and Caribbean,6.609,70.0,9.952,0.872,0.895,-0.07,0.768,6.2915,0.3175,Over-performer
Croatia,HRV,Central and Eastern Europe,6.125,68.95,10.341,0.917,0.757,-0.093,0.925,6.1356,-0.0106,Under-performer
Cyprus,CYP,Western Europe,6.13,72.802,10.611,0.826,0.724,-0.06,0.86,6.7074,-0.5774,Under-performer
Czechia,CZE,Central and Eastern Europe,6.845,69.05,10.611,0.953,0.903,0.04,0.859,6.1505,0.6945,Over-performer
Denmark,DNK,Western Europe,7.586,71.25,10.962,0.954,0.934,0.134,0.196,6.477,1.109,Over-performer
Dominican Republic,DOM,Latin America and Caribbean,5.569,64.399,9.811,0.827,0.85,-0.099,0.657,5.46,0.109,Over-performer
Ecuador,ECU,Latin America and Caribbean,5.559,69.0,9.27,0.806,0.802,-0.108,0.833,6.143,-0.584,Under-performer
Egypt,EGY,Middle East and North Africa,4.17,63.503,9.367,0.726,0.732,-0.183,0.58,5.327,-1.157,Under-performer
El Salvador,SLV,Latin America and Caribbean,6.122,65.597,9.089,0.755,0.918,-0.108,0.62,5.6379,0.4841,Over-performer
Estonia,EST,Central and Eastern Europe,6.455,69.65,10.541,0.946,0.929,0.032,0.409,6.2395,0.2155,Over-performer
Ethiopia,ETH,Sub-Saharan Africa,4.091,60.698,7.739,0.782,0.72,0.273,0.789,4.9106,-0.8196,Under-performer
Finland,FIN,Western Europe,7.804,71.15,10.792,0.969,0.961,-0.019,0.182,6.4622,1.3418,Over-performer
France,FRA,Western Europe,6.661,72.3,10.701,0.909,0.819,-0.1,0.553,6.6329,0.0281,Over-performer
Gabon,GAB,Sub-Saharan Africa,5.035,58.252,9.537,0.746,0.642,-0.187,0.786,4.5475,0.4875,Over-performer
Gambia,GMB,Sub-Saharan Africa,4.279,57.9,7.648,0.584,0.596,0.364,0.883,4.4953,-0.2163,Under-performer
Georgia,GEO,Commonwealth of Independent States,5.109,64.95,9.646,0.716,0.786,-0.254,0.649,5.5418,-0.4328,Under-performer
Germany,DEU,Western Europe,6.892,71.3,10.879,0.896,0.846,0.03,0.42,6.4845,0.4075,Over-performer
Ghana,GHA,Sub-Saharan Africa,4.605,58.763,8.596,0.641,0.777,0.139,0.881,4.6234,-0.0184,Under-performer
Greece,GRC,Western Europe,5.931,71.15,10.288,0.835,0.568,-0.24,0.793,6.4622,-0.5312,Under-performer
Guatemala,GTM,Latin America and Caribbean,6.15,62.9,9.116,0.812,0.856,-0.057,0.837,5.2375,0.9125,Over-performer
Guinea,GIN,Sub-Saharan Africa,5.072,54.185,7.88,0.649,0.659,0.125,0.787,3.9438,1.1282,Over-performer
Honduras,HND,Latin America and Caribbean,6.023,64.063,8.635,0.766,0.843,0.097,0.843,5.4102,0.6128,Over-performer
Hong Kong S.A.R. of China,HKG,East Asia,5.308,77.28,10.966,0.817,0.687,-0.026,0.385,7.3722,-2.0642,Under-performer
Hungary,HUN,Central and Eastern Europe,6.041,67.5,10.419,0.943,0.758,-0.059,0.839,5.9204,0.1206,Over-performer
Iceland,ISL,Western Europe,7.53,72.05,10.896,0.983,0.936,0.211,0.668,6.5958,0.9342,Over-performer
India,IND,South Asia,4.036,60.777,8.759,0.608,0.897,0.072,0.774,4.9224,-0.8864,Under-performer
Indonesia,IDN,Southeast Asia,5.277,63.048,9.385,0.804,0.88,0.531,0.876,5.2595,0.0175,Over-performer
Iran,IRN,Middle East and North Africa,4.876,66.6,9.61,0.778,0.593,0.173,0.747,5.7868,-0.9108,Under-performer
Iraq,IRQ,Middle East and North Africa,4.941,63.415,9.098,0.718,0.646,-0.005,0.876,5.314,-0.373,Under-performer
Ireland,IRL,Western Europe,6.911,71.3,11.527,0.905,0.874,0.092,0.358,6.4845,0.4265,Over-performer
Israel,ISR,Middle East and North Africa,7.473,72.697,10.639,0.943,0.809,-0.023,0.708,6.6918,0.7812,Over-performer
Italy,ITA,Western Europe,6.405,72.05,10.634,0.882,0.711,-0.074,0.842,6.5958,-0.1908,Under-performer
Ivory Coast,CIV,Sub-Saharan Africa,5.053,55.953,8.576,0.572,0.733,0.003,0.746,4.2063,0.8467,Over-performer
Jamaica,JAM,Latin America and Caribbean,5.703,66.6,9.165,0.867,0.822,-0.106,0.875,5.7868,-0.0838,Under-performer
Japan,JPN,East Asia,6.129,74.349,10.616,0.894,0.799,-0.237,0.64,6.9371,-0.8081,Under-performer
Jordan,JOR,Middle East and North Africa,4.12,67.6,9.13,0.729,0.77,-0.15,0.687,5.9352,-1.8152,Under-performer
Kazakhstan,KAZ,Commonwealth of Independent States,6.144,65.802,10.166,0.931,0.853,0.0,0.721,5.6683,0.4757,Over-performer
Kenya,KEN,Sub-Saharan Africa,4.487,58.499,8.458,0.69,0.696,0.288,0.852,4.5842,-0.0972,Under-performer
Kosovo,XK,Central and Eastern Europe,6.368,65.195,9.359,0.844,0.861,0.259,0.866,5.5782,0.7898,Over-performer
Kyrgyzstan,KGZ,Commonwealth of Independent States,5.825,66.852,8.486,0.911,0.934,0.181,0.904,5.8242,0.0008,Over-performer
Laos,LAO,Southeast Asia,5.111,60.946,8.962,0.679,0.919,0.091,0.703,4.9474,0.1636,Over-performer
Latvia,LVA,Central and Eastern Europe,6.213,66.4,10.37,0.937,0.818,-0.056,0.83,5.7571,0.4559,Over-performer
Lebanon,LBN,Middle East and North Africa,2.392,66.149,9.478,0.53,0.474,-0.141,0.891,5.7198,-3.3278,Under-performer
Liberia,LBR,Sub-Saharan Africa,4.042,56.7,7.277,0.596,0.735,0.154,0.83,4.3171,-0.2751,Under-performer
Lithuania,LTU,Central and Eastern Europe,6.763,67.397,10.568,0.939,0.748,-0.145,0.805,5.9051,0.8579,Over-performer
Luxembourg,LUX,Western Europe,7.228,71.675,11.66,0.879,0.915,0.024,0.345,6.5401,0.6879,Over-performer
Madagascar,MDG,Sub-Saharan Africa,4.019,58.05,7.29,0.65,0.522,0.075,0.742,4.5175,-0.4985,Under-performer
Malawi,MWI,Sub-Saharan Africa,3.495,58.475,7.302,0.531,0.75,0.005,0.749,4.5806,-1.0856,Under-performer
Malaysia,MYS,Southeast Asia,6.012,65.662,10.169,0.799,0.877,0.16,0.758,5.6475,0.3645,Over-performer
Mali,MLI,Sub-Saharan Africa,4.198,55.403,7.655,0.593,0.713,-0.028,0.846,4.1246,0.0734,Over-performer
Malta,MLT,Western Europe,6.3,71.6,10.661,0.923,0.886,0.119,0.729,6.529,-0.229,Under-performer
Mauritania,MRT,Sub-Saharan Africa,4.724,60.475,8.591,0.644,0.622,-0.013,0.657,4.8775,-0.1535,Under-performer
Mauritius,MUS,Sub-Saharan Africa,5.902,63.85,9.957,0.888,0.813,-0.028,0.775,5.3785,0.5235,Over-performer
Mexico,MEX,Latin America and Caribbean,6.33,65.8,9.85,0.804,0.856,-0.094,0.768,5.668,0.662,Over-performer
Moldova,MDA,Commonwealth of Independent States,5.819,65.299,9.499,0.857,0.84,-0.08,0.901,5.5936,0.2254,Over-performer
Mongolia,MNG,East Asia,5.84,60.5,9.372,0.933,0.701,0.19,0.849,4.8812,0.9588,Over-performer
Montenegro,MNE,Central and Eastern Europe,5.722,67.1,9.813,0.89,0.805,0.063,0.844,5.861,-0.139,Under-performer
Morocco,MAR,Middle East and North Africa,4.903,63.901,8.973,0.553,0.787,-0.231,0.811,5.3861,-0.4831,Under-performer
Mozambique,MOZ,Sub-Saharan Africa,4.954,51.53,7.116,0.692,0.851,0.047,0.66,3.5497,1.4043,Over-performer
Myanmar,MMR,Southeast Asia,4.372,61.388,8.404,0.787,0.727,0.491,0.658,5.0131,-0.6411,Under-performer
Namibia,NAM,Sub-Saharan Africa,4.631,56.851,9.121,0.787,0.669,-0.126,0.83,4.3396,0.2914,Over-performer
Nepal,NPL,South Asia,5.36,61.847,8.256,0.748,0.808,0.146,0.783,5.0812,0.2788,Over-performer
Netherlands,NLD,Western Europe,7.403,71.55,10.942,0.93,0.887,0.213,0.379,6.5216,0.8814,Over-performer
New Zealand,NZL,North America and ANZ,7.123,70.35,10.662,0.952,0.887,0.175,0.271,6.3434,0.7796,Over-performer
Nicaragua,NIC,Latin America and Caribbean,6.259,65.65,8.618,0.853,0.877,0.021,0.625,5.6457,0.6133,Over-performer
Niger,NER,Sub-Saharan Africa,4.501,56.55,7.091,0.59,0.788,0.032,0.734,4.2949,0.2061,Over-performer
Nigeria,NGA,Sub-Saharan Africa,4.981,54.891,8.496,0.74,0.718,0.073,0.911,4.0486,0.9324,Over-performer
North Macedonia,MKD,Central and Eastern Europe,5.254,66.5,9.703,0.805,0.769,0.131,0.902,5.7719,-0.5179,Under-performer
Norway,NOR,Western Europe,7.315,71.5,11.088,0.943,0.947,0.141,0.283,6.5141,0.8009,Over-performer
Pakistan,PAK,South Asia,4.555,57.313,8.54,0.601,0.766,0.008,0.787,4.4081,0.1469,Over-performer
Panama,PAN,Latin America and Caribbean,6.265,68.95,10.305,0.896,0.855,-0.133,0.878,6.1356,0.1294,Over-performer
Paraguay,PRY,Latin America and Caribbean,5.738,65.9,9.51,0.906,0.891,0.021,0.843,5.6828,0.0552,Over-performer
Peru,PER,Latin America and Caribbean,5.526,69.85,9.402,0.798,0.794,-0.119,0.892,6.2692,-0.7432,Under-performer
Philippines,PHL,Southeast Asia,5.523,62.038,8.979,0.78,0.919,-0.06,0.732,5.1096,0.4134,Over-performer
Poland,POL,Central and Eastern Europe,6.26,69.049,10.453,0.925,0.765,-0.031,0.736,6.1503,0.1097,Over-performer
Portugal,PRT,Western Europe,5.968,71.25,10.429,0.878,0.902,-0.196,0.878,6.477,-0.509,Under-performer
Romania,ROU,Central and Eastern Europe,6.589,67.051,10.339,0.848,0.856,-0.172,0.929,5.8537,0.7353,Over-performer
Russia,RUS,Commonwealth of Independent States,5.661,64.947,10.21,0.889,0.719,-0.03,0.801,5.5414,0.1196,Over-performer
Saudi Arabia,SAU,Middle East and North Africa,6.463,64.399,10.715,0.884,0.894,-0.081,0.691,5.46,1.003,Over-performer
Senegal,SEN,Sub-Saharan Africa,4.855,59.999,8.155,0.629,0.772,0.011,0.846,4.8069,0.0481,Over-performer
Serbia,SRB,Central and Eastern Europe,6.144,67.088,9.854,0.873,0.845,0.204,0.816,5.8592,0.2848,Over-performer
Sierra Leone,SLE,Sub-Saharan Africa,3.138,54.9,7.394,0.555,0.66,0.105,0.858,4.0499,-0.9119,Under-performer
Singapore,SGP,Southeast Asia,6.587,73.8,11.571,0.878,0.878,0.063,0.146,6.8556,-0.2686,Under-performer
Slovakia,SVK,Central and Eastern Europe,6.469,68.838,10.353,0.953,0.753,-0.016,0.898,6.119,0.35,Over-performer
Slovenia,SVN,Central and Eastern Europe,6.65,71.052,10.588,0.951,0.913,0.014,0.771,6.4476,0.2024,Over-performer
South Africa,ZAF,Sub-Saharan Africa,5.275,56.989,9.478,0.907,0.73,-0.087,0.902,4.36,0.915,Over-performer
South Korea,KOR,East Asia,5.951,73.65,10.693,0.812,0.717,-0.046,0.701,6.8333,-0.8823,Under-performer
Spain,ESP,Western Europe,6.436,72.35,10.54,0.932,0.782,-0.066,0.711,6.6403,-0.2043,Under-performer
Sri Lanka,LKA,South Asia,4.442,67.15,9.491,0.826,0.787,-0.03,0.808,5.8684,-1.4264,Under-performer
Sweden,SWE,Western Europe,7.395,72.15,10.883,0.939,0.948,0.165,0.202,6.6106,0.7844,Over-performer
Switzerland,CHE,Western Europe,7.24,72.9,11.164,0.92,0.891,0.027,0.266,6.722,0.518,Over-performer
Taiwan Province of China,TWN,East Asia,6.535,69.6,10.797,0.884,0.804,-0.129,0.681,6.2321,0.3029,Over-performer
Tajikistan,TJK,Commonwealth of Independent States,5.33,62.226,8.237,0.836,0.832,-0.06,0.522,5.1375,0.1925,Over-performer
Tanzania,TZA,Sub-Saharan Africa,3.694,59.401,7.857,0.653,0.838,0.182,0.554,4.7181,-1.0241,Under-performer
Thailand,THA,Southeast Asia,5.843,68.45,9.751,0.874,0.85,0.289,0.91,6.0614,-0.2184,Under-performer
Togo,TGO,Sub-Saharan Africa,4.137,57.449,7.673,0.595,0.657,0.024,0.74,4.4283,-0.2913,Under-performer
Tunisia,TUN,Middle East and North Africa,4.497,67.0,9.244,0.73,0.576,-0.213,0.907,5.8461,-1.3491,Under-performer
Turkiye,TUR,Middle East and North Africa,4.614,68.663,10.307,0.796,0.475,-0.077,0.795,6.093,-1.479,Under-performer
Uganda,UGA,Sub-Saharan Africa,4.432,58.913,7.716,0.794,0.701,0.114,0.857,4.6457,-0.2137,Under-performer
Ukraine,UKR,Commonwealth of Independent States,5.071,64.55,9.314,0.878,0.795,0.24,0.907,5.4824,-0.4114,Under-performer
United Arab Emirates,ARE,Middle East and North Africa,6.571,66.243,11.145,0.826,0.942,0.096,0.584,5.7338,0.8372,Over-performer
United Kingdom,GBR,Western Europe,6.796,70.3,10.704,0.882,0.852,0.253,0.454,6.336,0.46,Over-performer
United States,USA,North America and ANZ,6.894,65.85,11.048,0.919,0.8,0.137,0.689,5.6754,1.2186,Over-performer
Uruguay,URY,Latin America and Caribbean,6.494,67.5,10.037,0.913,0.895,-0.065,0.575,5.9204,0.5736,Over-performer
Uzbekistan,UZB,Commonwealth of Independent States,6.014,65.301,8.948,0.875,0.938,0.23,0.638,5.5939,0.4201,Over-performer
Venezuela,VEN,Latin America and Caribbean,5.211,64.05,5.527,0.839,0.659,0.128,0.811,5.4082,-0.1972,Under-performer
Vietnam,VNM,Southeast Asia,5.763,65.502,9.287,0.821,0.939,-0.004,0.759,5.6238,0.1392,Over-performer
Zambia,ZMB,Sub-Saharan Africa,3.982,55.032,8.074,0.694,0.791,0.098,0.818,4.0695,-0.0875,Under-performer
Zimbabwe,ZWE,Sub-Saharan Africa,3.204,54.05,7.641,0.69,0.654,-0.046,0.766,3.9238,-0.7198,Under-performer
